"","year","top1_share_Roikonen_2022","top1_share_taxable","top1_share_taxable_nocorp","top1_share_taxable_nocorp_GDP","top1_share_taxed_GDP","top1_share_taxed","Gini_taxable","Gini_taxable_nocorp","Gini_taxed","max_Gini","top1_average_taxable","top1_average_taxed","top1_average_nocorp_taxable","top1_share_nocorp_taxable_househ","top1_average_nocorp_taxable_househ","reference_total","dividends","tax_units_filers_nocorp","dividends_pc","average_pc_taxable_nocorp","average_pc_taxed_nocorp","average_pc_taxable_nocorp_div","households","total_tax_units","top1_share_noncorp_taxable_exp_househ","top1_share_noncorp_taxable_div_exp_househ","top1_share_noncorp_taxable_div_GDP_exp_househ","top1_average_nocorp_taxable_div_exp_househ","total_taxable_exp_househ","total_taxable_exp_div_househ","total_taxable_pc_exp_househ","total_taxable_div_pc_exp_househ","Gini_taxable_merged_nocorp_exp_househ","Gini_taxable_merged_div_nocorp_exp_househ","Gini_taxed_merged_exp","top1_share_noncorp_taxed_div_exp_househ","top1_share_noncorp_taxed_div_exp_total","top1_share_noncorp_taxed_exp_total_GDP","bottom50_share_taxable_taxed_div_exp","lowmidshare_taxable_taxed_div_exp","individual_tax_units","control_pop","total_taxable_nocorp_div","top1_share_w_corp_taxable_househ","top1_share_GDP_Roikonen_2022","top1_share_taxable_nocorp_div","top1_share_taxable_nocorp_div_GDP","top1_average_w_corp_taxable_househ","total_pc_taxable_exp_w_corp_househ"
"1",1865,0.239,0.0830740474249548,0.0707140072405629,0.0325230859673144,NA,NA,0.156061280593622,0.141609383723041,NA,0.477,12710.3292560181,NA,10748.5291005655,0.147081622321594,4218.18992318534,266.1,771100,80513,9.57733533715052,1520,NA,1529.57733533715,428782,NA,0.130847079018669,0.13158690508136,0.122224683666131,4280.19504440725,247167362.918429,247938462.918429,576.440622317237,578.238972061396,0.512168900184841,0.512313709380171,NA,NA,NA,NA,0.166802143661815,0.565144831669523,NA,NA,123150860,0.141018893373006,0.114784667418264,0.0722044573690711,0.0333945208316974,4576.01293042838,578.3272143177
"2",1866,NA,NA,NA,NA,NA,NA,NA,NA,NA,0.475,NA,NA,NA,NA,NA,NA,NA,NA,NA,NA,NA,NA,NA,NA,NA,NA,NA,NA,NA,NA,NA,NA,NA,NA,NA,NA,NA,NA,NA,NA,NA,NA,NA,NA,NA,NA,NA,NA,NA
"3",1867,NA,NA,NA,NA,NA,NA,NA,NA,NA,0.339,NA,NA,NA,NA,NA,NA,NA,NA,NA,NA,NA,NA,NA,NA,NA,NA,NA,NA,NA,NA,NA,NA,NA,NA,NA,NA,NA,NA,NA,NA,NA,NA,NA,NA,NA,NA,NA,NA,NA
"4",1868,NA,NA,NA,NA,NA,NA,NA,NA,NA,0.44,NA,NA,NA,NA,NA,NA,NA,NA,NA,NA,NA,NA,NA,NA,NA,NA,NA,NA,NA,NA,NA,NA,NA,NA,NA,NA,NA,NA,NA,NA,NA,NA,NA,NA,NA,NA,NA,NA,NA
"5",1869,NA,NA,NA,NA,NA,NA,NA,NA,NA,0.488,NA,NA,NA,NA,NA,NA,NA,NA,NA,NA,NA,NA,NA,NA,NA,NA,NA,NA,NA,NA,NA,NA,NA,NA,NA,NA,NA,NA,NA,NA,NA,NA,NA,NA,NA,NA,NA,NA,NA
"6",1870,NA,NA,NA,NA,NA,NA,NA,NA,NA,0.489,NA,NA,NA,NA,NA,NA,NA,NA,NA,NA,NA,NA,NA,NA,NA,NA,NA,NA,NA,NA,NA,NA,NA,NA,NA,NA,NA,NA,NA,NA,NA,NA,NA,NA,NA,NA,NA,NA,NA
"7",1871,0.212,0.0735349179627455,0.0608353148121685,0.0247016620126465,NA,NA,0.197657508201899,0.18463505154301,NA,0.508,9633.07425311965,NA,7908.5909255819,0.11452708145218,3167.77033803901,286.8,923200,89572,10.3067923011655,1300,NA,1310.30679230117,418372,NA,0.101727911959518,0.102904735088353,0.0666269329591105,3240.55625518746,185692177.879535,186615377.879535,443.844659488529,446.051308117023,0.50135854718688,0.501563794347229,NA,NA,NA,NA,0.157015546350351,0.569543763511866,NA,NA,117366800,0.112690719786747,0.0835285913528591,0.0627071806740352,0.0256520470699302,3536.14165135965,446.000080978097
"8",1872,NA,NA,NA,NA,NA,NA,NA,NA,NA,0.564,NA,NA,NA,NA,NA,NA,NA,NA,NA,NA,NA,NA,NA,NA,NA,NA,NA,NA,NA,NA,NA,NA,NA,NA,NA,NA,NA,NA,NA,NA,NA,NA,NA,NA,NA,NA,NA,NA,NA
"9",1873,NA,NA,NA,NA,NA,NA,NA,NA,NA,0.615,NA,NA,NA,NA,NA,NA,NA,NA,NA,NA,NA,NA,NA,NA,NA,NA,NA,NA,NA,NA,NA,NA,NA,NA,NA,NA,NA,NA,NA,NA,NA,NA,NA,NA,NA,NA,NA,NA,NA
"10",1874,NA,NA,NA,NA,NA,NA,NA,NA,NA,0.654,NA,NA,NA,NA,NA,NA,NA,NA,NA,NA,NA,NA,NA,NA,NA,NA,NA,NA,NA,NA,NA,NA,NA,NA,NA,NA,NA,NA,NA,NA,NA,NA,NA,NA,NA,NA,NA,NA,NA
"11",1875,NA,NA,NA,NA,NA,NA,NA,NA,NA,0.666,NA,NA,NA,NA,NA,NA,NA,NA,NA,NA,NA,NA,NA,NA,NA,NA,NA,NA,NA,NA,NA,NA,NA,NA,NA,NA,NA,NA,NA,NA,NA,NA,NA,NA,NA,NA,NA,NA,NA
"12",1876,0.249,0.0775245534610926,0.072514308621309,0.0323586834621918,NA,NA,0.175970002584873,0.171850959905275,NA,0.678,11163.5356983973,NA,10369.5461328472,0.113876775909263,4652.67970143561,403.9,1329200,126031,10.5466115479525,1430,NA,1440.54661154795,442731,NA,0.115265043718656,0.11548229989842,0.0727901593954951,4745.82566787726,254583996.038364,255913196.038364,575.03087888213,578.033153400969,0.437627832557329,0.438152388859536,NA,NA,NA,NA,0.147518261395208,0.561798985597278,NA,NA,181553530,0.120268833359367,0.0826095568209953,0.0742561422335118,0.0333737511629998,3768.38947278263,628.986346444213
"13",1877,NA,NA,NA,NA,NA,NA,NA,NA,NA,0.664,NA,NA,NA,NA,NA,NA,NA,NA,NA,NA,NA,NA,NA,NA,NA,NA,NA,NA,NA,NA,NA,NA,NA,NA,NA,NA,NA,NA,NA,NA,NA,NA,NA,NA,NA,NA,NA,NA,NA
"14",1878,NA,NA,NA,NA,NA,NA,NA,NA,NA,0.64,NA,NA,NA,NA,NA,NA,NA,NA,NA,NA,NA,NA,NA,NA,NA,NA,NA,NA,NA,NA,NA,NA,NA,NA,NA,NA,NA,NA,NA,NA,NA,NA,NA,NA,NA,NA,NA,NA,NA
"15",1879,NA,NA,NA,NA,NA,NA,NA,NA,NA,0.632,NA,NA,NA,NA,NA,NA,NA,NA,NA,NA,NA,NA,NA,NA,NA,NA,NA,NA,NA,NA,NA,NA,NA,NA,NA,NA,NA,NA,NA,NA,NA,NA,NA,NA,NA,NA,NA,NA,NA
"16",1880,0.259,0.094942890648854,0.0749796958000003,0.034552772315656,NA,NA,0.238584227221229,0.221595344498042,NA,0.637,10861.4666902289,NA,8390.22796002002,0.114301212242454,3996.97051560331,344.2,3126638,141740,22.0589671229011,1119,NA,1141.0589671229,454339,NA,0.111795238160121,0.117755638069858,0.0725909587789337,4206.0757781562,212183538.905257,215310176.905257,467.01590421526,473.897633496699,0.425485720457025,0.427186673273384,NA,NA,NA,NA,0.120493930623051,0.571542444467507,NA,NA,161733698,0.130706644898702,0.115880302149913,0.0795786477426256,0.0373910143986088,4777.50603122618,474.828402249502
"17",1881,NA,NA,NA,NA,NA,NA,NA,NA,NA,0.619,NA,NA,NA,NA,NA,NA,NA,NA,NA,NA,NA,NA,NA,NA,NA,NA,NA,NA,NA,NA,NA,NA,NA,NA,NA,NA,NA,NA,NA,NA,NA,NA,NA,NA,NA,NA,NA,NA,NA
"18",1882,NA,NA,NA,NA,NA,NA,NA,NA,NA,0.648,NA,NA,NA,NA,NA,NA,NA,NA,NA,NA,NA,NA,NA,NA,NA,NA,NA,NA,NA,NA,NA,NA,NA,NA,NA,NA,NA,NA,NA,NA,NA,NA,NA,NA,NA,NA,NA,NA,NA
"19",1883,NA,NA,NA,NA,NA,NA,NA,NA,NA,0.655,NA,NA,NA,NA,NA,NA,NA,NA,NA,NA,NA,NA,NA,NA,NA,NA,NA,NA,NA,NA,NA,NA,NA,NA,NA,NA,NA,NA,NA,NA,NA,NA,NA,NA,NA,NA,NA,NA,NA
"20",1884,NA,NA,NA,NA,NA,NA,NA,NA,NA,0.643,NA,NA,NA,NA,NA,NA,NA,NA,NA,NA,NA,NA,NA,NA,NA,NA,NA,NA,NA,NA,NA,NA,NA,NA,NA,NA,NA,NA,NA,NA,NA,NA,NA,NA,NA,NA,NA,NA,NA
"21",1885,NA,NA,NA,NA,NA,NA,NA,NA,NA,0.643,NA,NA,NA,NA,NA,NA,NA,NA,NA,NA,NA,NA,NA,NA,NA,NA,NA,NA,NA,NA,NA,NA,NA,NA,NA,NA,NA,NA,NA,NA,NA,NA,NA,NA,NA,NA,NA,NA,NA
"22",1886,NA,NA,NA,NA,NA,NA,NA,NA,NA,0.654,NA,NA,NA,NA,NA,NA,NA,NA,NA,NA,NA,NA,NA,NA,NA,NA,NA,NA,NA,NA,NA,NA,NA,NA,NA,NA,NA,NA,NA,NA,NA,NA,NA,NA,NA,NA,NA,NA,NA
"23",1887,NA,NA,NA,NA,NA,NA,NA,NA,NA,0.656,NA,NA,NA,NA,NA,NA,NA,NA,NA,NA,NA,NA,NA,NA,NA,NA,NA,NA,NA,NA,NA,NA,NA,NA,NA,NA,NA,NA,NA,NA,NA,NA,NA,NA,NA,NA,NA,NA,NA
"24",1888,NA,NA,NA,NA,NA,NA,NA,NA,NA,0.659,NA,NA,NA,NA,NA,NA,NA,NA,NA,NA,NA,NA,NA,NA,NA,NA,NA,NA,NA,NA,NA,NA,NA,NA,NA,NA,NA,NA,NA,NA,NA,NA,NA,NA,NA,NA,NA,NA,NA
"25",1889,NA,NA,NA,NA,NA,NA,NA,NA,NA,0.674,NA,NA,NA,NA,NA,NA,NA,NA,NA,NA,NA,NA,NA,NA,NA,NA,NA,NA,NA,NA,NA,NA,NA,NA,NA,NA,NA,NA,NA,NA,NA,NA,NA,NA,NA,NA,NA,NA,NA
"26",1890,NA,NA,NA,NA,NA,NA,NA,NA,NA,0.682,NA,NA,NA,NA,NA,NA,NA,NA,NA,NA,NA,NA,NA,NA,NA,NA,NA,NA,NA,NA,NA,NA,NA,NA,NA,NA,NA,NA,NA,NA,NA,NA,NA,NA,NA,NA,NA,NA,NA
"27",1891,NA,NA,NA,NA,NA,NA,NA,NA,NA,0.679,NA,NA,NA,NA,NA,NA,NA,NA,NA,NA,NA,NA,NA,NA,NA,NA,NA,NA,NA,NA,NA,NA,NA,NA,NA,NA,NA,NA,NA,NA,NA,NA,NA,NA,NA,NA,NA,NA,NA
"28",1892,NA,NA,NA,NA,NA,NA,NA,NA,NA,0.659,NA,NA,NA,NA,NA,NA,NA,NA,NA,NA,NA,NA,NA,NA,NA,NA,NA,NA,NA,NA,NA,NA,NA,NA,NA,NA,NA,NA,NA,NA,NA,NA,NA,NA,NA,NA,NA,NA,NA
"29",1893,NA,NA,NA,NA,NA,NA,NA,NA,NA,0.672,NA,NA,NA,NA,NA,NA,NA,NA,NA,NA,NA,NA,NA,NA,NA,NA,NA,NA,NA,NA,NA,NA,NA,NA,NA,NA,NA,NA,NA,NA,NA,NA,NA,NA,NA,NA,NA,NA,NA
"30",1894,NA,NA,NA,NA,NA,NA,NA,NA,NA,0.692,NA,NA,NA,NA,NA,NA,NA,NA,NA,NA,NA,NA,NA,NA,NA,NA,NA,NA,NA,NA,NA,NA,NA,NA,NA,NA,NA,NA,NA,NA,NA,NA,NA,NA,NA,NA,NA,NA,NA
"31",1895,NA,NA,NA,NA,NA,NA,NA,NA,NA,0.706,NA,NA,NA,NA,NA,NA,NA,NA,NA,NA,NA,NA,NA,NA,NA,NA,NA,NA,NA,NA,NA,NA,NA,NA,NA,NA,NA,NA,NA,NA,NA,NA,NA,NA,NA,NA,NA,NA,NA
"32",1896,NA,NA,NA,NA,NA,NA,NA,NA,NA,0.72,NA,NA,NA,NA,NA,NA,NA,NA,NA,NA,NA,NA,NA,NA,NA,NA,NA,NA,NA,NA,NA,NA,NA,NA,NA,NA,NA,NA,NA,NA,NA,NA,NA,NA,NA,NA,NA,NA,NA
"33",1897,NA,NA,NA,NA,NA,NA,NA,NA,NA,0.728,NA,NA,NA,NA,NA,NA,NA,NA,NA,NA,NA,NA,NA,NA,NA,NA,NA,NA,NA,NA,NA,NA,NA,NA,NA,NA,NA,NA,NA,NA,NA,NA,NA,NA,NA,NA,NA,NA,NA
"34",1898,NA,NA,NA,NA,NA,NA,NA,NA,NA,0.744,NA,NA,NA,NA,NA,NA,NA,NA,NA,NA,NA,NA,NA,NA,NA,NA,NA,NA,NA,NA,NA,NA,NA,NA,NA,NA,NA,NA,NA,NA,NA,NA,NA,NA,NA,NA,NA,NA,NA
"35",1899,0.268,0.258892186123736,0.220944487948432,0.0893967094687577,NA,NA,0.566706425335609,0.519428433181342,NA,0.724,33195.6931124088,NA,20376.2395175867,0.254005020080448,16680.7523716627,633.2,85572498,431971,198.097784342004,939.76,NA,1137.857784342,601969,NA,0.241243143287,0.25321105124863,0.160571886052271,19638.2300697175,401539023.462539,419531301.854803,731.148159412817,878.125752591129,0.598648404265275,0.439588521911778,NA,NA,NA,NA,0.0895997905484709,0.574980404188003,NA,NA,491521564.96,0.263870134493653,0.293606443461781,0.262363317063934,0.203639221132308,26668.157392066,922.586557112518
"36",1900,0.274,0.281371842646979,0.22054998808906,0.0769850883741861,NA,NA,0.567494096216291,0.516661874178302,NA,0.769,33699.0253316739,NA,18997.4925905752,0.246185781196821,16288.4675398942,783.9,96339310,462515,208.294455314963,881.655,NA,1089.94945531496,609029,NA,0.17301782331458,0.235589175188255,0.125018943960635,19451.9777746662,415988341.112997,435700537.644997,400.001064817253,552.640460564391,0.594136451318618,0.435575566690597,NA,NA,NA,NA,0.0907654347786983,0.589923580776978,NA,NA,504117972.325,0.261656633397076,0.234327847939788,0.266008560908625,0.171074591594039,81157.4923527828,917.929895723315
"37",1901,NA,NA,NA,NA,NA,NA,NA,NA,NA,0.768,NA,NA,NA,NA,NA,NA,NA,NA,NA,NA,NA,NA,NA,NA,NA,NA,NA,NA,NA,NA,NA,NA,NA,NA,NA,NA,NA,NA,NA,NA,NA,NA,NA,NA,NA,NA,NA,NA,NA
"38",1902,NA,NA,NA,NA,NA,NA,NA,NA,NA,0.757,NA,NA,NA,NA,NA,NA,NA,NA,NA,NA,NA,NA,NA,NA,NA,NA,NA,NA,NA,NA,NA,NA,NA,NA,NA,NA,NA,NA,NA,NA,NA,NA,NA,NA,NA,NA,NA,NA,NA
"39",1903,NA,NA,NA,NA,NA,NA,NA,NA,NA,0.771,NA,NA,NA,NA,NA,NA,NA,NA,NA,NA,NA,NA,NA,NA,NA,NA,NA,NA,NA,NA,NA,NA,NA,NA,NA,NA,NA,NA,NA,NA,NA,NA,NA,NA,NA,NA,NA,NA,NA
"40",1904,NA,NA,NA,NA,NA,NA,NA,NA,NA,0.775,NA,NA,NA,NA,NA,NA,NA,NA,NA,NA,NA,NA,NA,NA,NA,NA,NA,NA,NA,NA,NA,NA,NA,NA,NA,NA,NA,NA,NA,NA,NA,NA,NA,NA,NA,NA,NA,NA,NA
"41",1905,NA,NA,NA,NA,NA,NA,NA,NA,NA,0.778,NA,NA,NA,NA,NA,NA,NA,NA,NA,NA,NA,NA,NA,NA,NA,NA,NA,NA,NA,NA,NA,NA,NA,NA,NA,NA,NA,NA,NA,NA,NA,NA,NA,NA,NA,NA,NA,NA,NA
"42",1906,NA,NA,NA,NA,NA,NA,NA,NA,NA,0.782,NA,NA,NA,NA,NA,NA,NA,NA,NA,NA,NA,NA,NA,NA,NA,NA,NA,NA,NA,NA,NA,NA,NA,NA,NA,NA,NA,NA,NA,NA,NA,NA,NA,NA,NA,NA,NA,NA,NA
"43",1907,NA,NA,NA,NA,NA,NA,NA,NA,NA,0.787,NA,NA,NA,NA,NA,NA,NA,NA,NA,NA,NA,NA,NA,NA,NA,NA,NA,NA,NA,NA,NA,NA,NA,NA,NA,NA,NA,NA,NA,NA,NA,NA,NA,NA,NA,NA,NA,NA,NA
"44",1908,NA,NA,NA,NA,NA,NA,NA,NA,NA,0.782,NA,NA,NA,NA,NA,NA,NA,NA,NA,NA,NA,NA,NA,NA,NA,NA,NA,NA,NA,NA,NA,NA,NA,NA,NA,NA,NA,NA,NA,NA,NA,NA,NA,NA,NA,NA,NA,NA,NA
"45",1909,NA,NA,NA,NA,NA,NA,NA,NA,NA,0.786,NA,NA,NA,NA,NA,NA,NA,NA,NA,NA,NA,NA,NA,NA,NA,NA,NA,NA,NA,NA,NA,NA,NA,NA,NA,NA,NA,NA,NA,NA,NA,NA,NA,NA,NA,NA,NA,NA,NA
"46",1910,NA,NA,NA,NA,NA,NA,NA,NA,NA,0.788,NA,NA,NA,NA,NA,NA,NA,NA,NA,NA,NA,NA,NA,NA,NA,NA,NA,NA,NA,NA,NA,NA,NA,NA,NA,NA,NA,NA,NA,NA,NA,NA,NA,NA,NA,NA,NA,NA,NA
"47",1911,NA,NA,NA,NA,NA,NA,NA,NA,NA,0.796,NA,NA,NA,NA,NA,NA,NA,NA,NA,NA,NA,NA,NA,NA,NA,NA,NA,NA,NA,NA,NA,NA,NA,NA,NA,NA,NA,NA,NA,NA,NA,NA,NA,NA,NA,NA,NA,NA,NA
"48",1912,NA,NA,NA,NA,NA,NA,NA,NA,NA,0.804,NA,NA,NA,NA,NA,NA,NA,NA,NA,NA,NA,NA,NA,NA,NA,NA,NA,NA,NA,NA,NA,NA,NA,NA,NA,NA,NA,NA,NA,NA,NA,NA,NA,NA,NA,NA,NA,NA,NA
"49",1913,NA,NA,NA,NA,NA,NA,NA,NA,NA,0.812,NA,NA,NA,NA,NA,NA,NA,NA,NA,NA,NA,NA,NA,NA,NA,NA,NA,NA,NA,NA,NA,NA,NA,NA,NA,NA,NA,NA,NA,NA,NA,NA,NA,NA,NA,NA,NA,NA,NA
"50",1914,NA,NA,NA,NA,NA,NA,NA,NA,NA,0.786,NA,NA,NA,NA,NA,NA,NA,NA,NA,NA,NA,NA,NA,NA,NA,NA,NA,NA,NA,NA,NA,NA,NA,NA,NA,NA,NA,NA,NA,NA,NA,NA,NA,NA,NA,NA,NA,NA,NA
"51",1915,NA,NA,NA,NA,NA,NA,NA,NA,NA,0.78,NA,NA,NA,NA,NA,NA,NA,NA,NA,NA,NA,NA,NA,NA,NA,NA,NA,NA,NA,NA,NA,NA,NA,NA,NA,NA,NA,NA,NA,NA,NA,NA,NA,NA,NA,NA,NA,NA,NA
"52",1916,NA,NA,NA,NA,NA,NA,NA,NA,NA,0.788,NA,NA,NA,NA,NA,NA,NA,NA,NA,NA,NA,NA,NA,NA,NA,NA,NA,NA,NA,NA,NA,NA,NA,NA,NA,NA,NA,NA,NA,NA,NA,NA,NA,NA,NA,NA,NA,NA,NA
"53",1917,NA,NA,NA,NA,NA,NA,NA,NA,NA,0.757,NA,NA,NA,NA,NA,NA,NA,NA,NA,NA,NA,NA,NA,NA,NA,NA,NA,NA,NA,NA,NA,NA,NA,NA,NA,NA,NA,NA,NA,NA,NA,NA,NA,NA,NA,NA,NA,NA,NA
"54",1918,NA,NA,NA,NA,NA,NA,NA,NA,NA,0.704,NA,NA,NA,NA,NA,NA,NA,NA,NA,NA,NA,NA,NA,NA,NA,NA,NA,NA,NA,NA,NA,NA,NA,NA,NA,NA,NA,NA,NA,NA,NA,NA,NA,NA,NA,NA,NA,NA,NA
"55",1919,NA,NA,NA,NA,NA,NA,NA,NA,NA,0.742,NA,NA,NA,NA,NA,NA,NA,NA,NA,NA,NA,NA,NA,NA,NA,NA,NA,NA,NA,NA,NA,NA,NA,NA,NA,NA,NA,NA,NA,NA,NA,NA,NA,NA,NA,NA,NA,NA,NA
"56",1920,0.164,NA,NA,NA,0.136103340021518,0.284583266067328,NA,NA,0.542123900376588,0.765,NA,305414.761143456,NA,NA,NA,10267.9,NA,457573,NA,NA,10732,NA,804354,1281900,NA,NA,NA,NA,NA,NA,NA,NA,NA,NA,0.429969960990571,0.396038273581606,0.322132865151926,0.177584976634254,0.0634288701144164,0.381675857089455,NA,NA,NA,NA,NA,NA,NA,NA,NA
"57",1921,0.162,NA,NA,NA,0.0811321857008757,0.148235220311858,NA,NA,0.466480313548993,0.77,NA,160523.920075711,NA,NA,NA,12095.2,NA,611317,NA,NA,10829,NA,823387,1307530,NA,NA,NA,NA,NA,NA,NA,NA,NA,NA,0.46200386327663,0.188312396427113,0.187310297461018,0.112233212478948,0.113376468033649,0.531491818884249,NA,NA,NA,NA,NA,NA,NA,NA,NA
"58",1922,0.157,NA,NA,NA,0.183903988096375,0.317279409413701,NA,NA,0.553255593977113,0.783,NA,353893.453260042,NA,NA,NA,12840.3,NA,667258,NA,NA,11154,NA,839904,1333160,NA,NA,NA,NA,NA,NA,NA,NA,NA,NA,0.410555415809282,0.397055570884596,0.32647141970915,0.202787033727063,0.0916946632692532,0.477222476667076,NA,NA,NA,NA,NA,NA,NA,NA,NA
"59",1923,NA,NA,NA,NA,NA,NA,NA,NA,NA,0.79,NA,NA,NA,NA,NA,NA,NA,NA,NA,NA,NA,NA,NA,NA,NA,NA,NA,NA,NA,NA,NA,NA,NA,NA,NA,NA,NA,NA,NA,NA,NA,NA,NA,NA,NA,NA,NA,NA,NA
"60",1924,0.13,NA,NA,NA,0.150342138134057,0.265938732331024,NA,NA,0.432064266271303,0.796,NA,353751.701746728,NA,NA,NA,14391.8,NA,611642,NA,NA,13302,NA,870996,1384420,NA,NA,NA,NA,NA,NA,NA,NA,NA,NA,0.376441160865881,0.312801351791957,0.289780329723528,0.188059328023578,0.141279744701306,0.483046173920246,NA,NA,NA,NA,NA,NA,NA,NA,NA
"61",1925,NA,NA,NA,NA,NA,NA,NA,NA,NA,0.805,NA,NA,NA,NA,NA,NA,NA,NA,NA,NA,NA,NA,NA,NA,NA,NA,NA,NA,NA,NA,NA,NA,NA,NA,NA,NA,NA,NA,NA,NA,NA,NA,NA,NA,NA,NA,NA,NA,NA
"62",1926,0.141,NA,NA,NA,0.102107865590466,0.183442117687222,NA,NA,0.43673856672663,0.813,NA,251921.060219862,NA,NA,NA,16342.2,NA,662377,NA,NA,13733,NA,906130,1435680,NA,NA,NA,NA,NA,NA,NA,NA,NA,NA,0.35148279584688,0.240479473432687,0.200212836132073,0.125709973374551,0.132152174398448,0.491482834953137,NA,NA,NA,NA,NA,NA,NA,NA,NA
"63",1927,NA,NA,NA,NA,NA,NA,NA,NA,NA,0.827,NA,NA,NA,NA,NA,NA,NA,NA,NA,NA,NA,NA,NA,NA,NA,NA,NA,NA,NA,NA,NA,NA,NA,NA,NA,NA,NA,NA,NA,NA,NA,NA,NA,NA,NA,NA,NA,NA,NA
"64",1928,NA,NA,NA,NA,NA,NA,NA,NA,NA,0.834,NA,NA,NA,NA,NA,NA,NA,NA,NA,NA,NA,NA,NA,NA,NA,NA,NA,NA,NA,NA,NA,NA,NA,NA,NA,NA,NA,NA,NA,NA,NA,NA,NA,NA,NA,NA,NA,NA,NA
"65",1929,0.144,NA,NA,NA,0.173739673871949,0.307523018650794,NA,NA,0.470197643960679,0.835,NA,450059.937795437,NA,NA,NA,19098.7,NA,737280,NA,NA,14635,NA,954895,1512570,NA,NA,NA,NA,NA,NA,NA,NA,NA,NA,0.355259480163053,0.350609215217488,0.292506321629457,0.18276744082161,0.124323555580146,0.478099040963739,NA,NA,NA,NA,NA,NA,NA,NA,NA
"66",1930,NA,NA,NA,NA,NA,NA,NA,NA,NA,0.827,NA,NA,NA,NA,NA,NA,NA,NA,NA,NA,NA,NA,NA,NA,NA,NA,NA,NA,NA,NA,NA,NA,NA,NA,NA,NA,NA,NA,NA,NA,NA,NA,NA,NA,NA,NA,NA,NA,NA
"67",1931,0.145,NA,NA,NA,0.177493994767054,0.288108330636166,NA,NA,0.440957595405457,0.817,NA,392201.870495013,NA,NA,NA,14563.6,NA,659087,NA,NA,13613,NA,979537,1554124,NA,NA,NA,NA,NA,NA,NA,NA,NA,NA,0.392258662158825,0.317320888108276,0.299712165938877,0.214157952509668,0.0984394806072533,0.500203782142417,NA,NA,NA,NA,NA,NA,NA,NA,NA
"68",1932,NA,NA,NA,NA,NA,NA,NA,NA,NA,0.817,NA,NA,NA,NA,NA,NA,NA,NA,NA,NA,NA,NA,NA,NA,NA,NA,NA,NA,NA,NA,NA,NA,NA,NA,NA,NA,NA,NA,NA,NA,NA,NA,NA,NA,NA,NA,NA,NA,NA
"69",1933,NA,NA,NA,NA,NA,NA,NA,NA,NA,0.827,NA,NA,NA,NA,NA,NA,NA,NA,NA,NA,NA,NA,NA,NA,NA,NA,NA,NA,NA,NA,NA,NA,NA,NA,NA,NA,NA,NA,NA,NA,NA,NA,NA,NA,NA,NA,NA,NA,NA
"70",1934,0.144,NA,NA,NA,0.145485254475407,0.290434029280208,NA,NA,0.444123402548428,0.843,NA,399027.312828077,NA,NA,NA,17917.1,NA,653257,NA,NA,13739,NA,999747,1601895,NA,NA,NA,NA,NA,NA,NA,NA,NA,NA,0.403876887392897,0.394863454219795,0.306578833898393,0.153572567846205,0.24347524278922,0.471001472462276,NA,NA,NA,NA,NA,NA,NA,NA,NA
"71",1935,0.137,NA,NA,NA,0.0847424578866995,0.238571850838806,NA,NA,0.407953095911227,0.848,NA,503386.60526988,NA,NA,NA,18827.8,NA,316956,NA,NA,21100,NA,NA,2261100,NA,NA,NA,NA,NA,NA,NA,NA,NA,NA,0.579430575351899,0.220261576644625,0.310757175728248,0.213457908364242,0.154499342747644,0.547388919971678,NA,NA,NA,NA,NA,NA,NA,NA,NA
"72",1936,NA,NA,NA,NA,NA,NA,NA,NA,NA,0.858,NA,NA,NA,NA,NA,NA,NA,NA,NA,NA,NA,NA,NA,NA,NA,NA,NA,NA,NA,NA,NA,NA,NA,NA,NA,NA,NA,NA,NA,NA,NA,NA,NA,NA,NA,NA,NA,NA,NA
"73",1937,0.148,NA,NA,NA,NA,NA,NA,NA,NA,0.87,NA,NA,NA,NA,NA,NA,NA,400188,NA,NA,NA,NA,NA,2308300,NA,NA,NA,NA,NA,NA,NA,NA,NA,NA,NA,NA,NA,NA,NA,NA,NA,NA,NA,NA,NA,NA,NA,NA,NA
"74",1938,0.146,NA,NA,NA,0.0852565154785697,0.231927737624234,NA,NA,0.431685950390025,0.874,NA,523066.626663933,NA,NA,NA,27352.3,NA,445825,NA,NA,22553,NA,NA,2333600,NA,NA,NA,NA,NA,NA,NA,NA,NA,NA,0.542376392039727,0.262436427424669,0.32151964702228,0.19019092735287,0.158378804415799,0.553002585656709,NA,NA,NA,NA,NA,NA,NA,NA,NA
"75",1939,NA,NA,NA,NA,NA,NA,NA,NA,NA,0.864,NA,NA,NA,NA,NA,NA,NA,NA,NA,NA,NA,NA,NA,NA,NA,NA,NA,NA,NA,NA,NA,NA,NA,NA,NA,NA,NA,NA,NA,NA,NA,NA,NA,NA,NA,NA,NA,NA,NA
"76",1940,NA,NA,NA,NA,NA,NA,NA,NA,NA,0.84,NA,NA,NA,NA,NA,NA,NA,NA,NA,NA,NA,NA,NA,NA,NA,NA,NA,NA,NA,NA,NA,NA,NA,NA,NA,NA,NA,NA,NA,NA,NA,NA,NA,NA,NA,NA,NA,NA,NA
"77",1941,NA,NA,NA,NA,NA,NA,NA,NA,NA,0.847,NA,NA,NA,NA,NA,NA,NA,NA,NA,NA,NA,NA,NA,NA,NA,NA,NA,NA,NA,NA,NA,NA,NA,NA,NA,NA,NA,NA,NA,NA,NA,NA,NA,NA,NA,NA,NA,NA,NA
"78",1942,0.128,NA,NA,NA,0.116534764838469,0.235155461956123,NA,NA,0.521688456913884,0.845,NA,672944.385479837,NA,NA,NA,38603.3,NA,668499,NA,NA,28617,NA,NA,2356923,NA,NA,NA,NA,NA,NA,NA,NA,NA,NA,0.477141080059202,0.333435650957246,0.295579718643359,0.18699100238416,0.214396806572642,0.513882350850706,NA,NA,NA,NA,NA,NA,NA,NA,NA
"79",1943,NA,NA,NA,NA,NA,NA,NA,NA,NA,0.866,NA,NA,NA,NA,NA,NA,NA,NA,NA,NA,NA,NA,NA,NA,NA,NA,NA,NA,NA,NA,NA,NA,NA,NA,NA,NA,NA,NA,NA,NA,NA,NA,NA,NA,NA,NA,NA,NA,NA
"80",1944,NA,NA,NA,NA,NA,NA,NA,NA,NA,0.863,NA,NA,NA,NA,NA,NA,NA,NA,NA,NA,NA,NA,NA,NA,NA,NA,NA,NA,NA,NA,NA,NA,NA,NA,NA,NA,NA,NA,NA,NA,NA,NA,NA,NA,NA,NA,NA,NA,NA
"81",1945,0.086,0.180543843140601,NA,0.024105612376858,0.0220339206919656,0.178740517977608,0.497138160253697,NA,0.466556966731093,0.883,1178048.57649242,1076804.3765043,NA,NA,NA,100881.5,NA,206427,NA,65250,60244,NA,NA,1643796,NA,0.287479344337007,0.0648021330435568,NA,NA,NA,NA,NA,NA,0.598714755927928,0.597995848461295,0.22946318813727,0.262193631520034,0.0559744789011426,0.15103289303226,0.571560879032895,NA,NA,NA,NA,NA,NA,NA,NA,NA
"82",1946,NA,NA,NA,NA,NA,NA,NA,NA,NA,0.885,NA,NA,NA,NA,NA,NA,NA,NA,NA,NA,NA,NA,NA,NA,NA,NA,NA,NA,NA,NA,NA,NA,NA,NA,NA,NA,NA,NA,NA,NA,NA,NA,NA,NA,NA,NA,NA,NA,NA
"83",1947,NA,0.118355466692152,NA,0.0881123302565689,0.0767382082558895,0.124470697575284,0.418222897397342,NA,0.363307051504014,0.887,1431769.7516683,1246947.44830919,NA,NA,NA,200162,NA,1231814,NA,120972,100180,NA,NA,1690077,NA,0.179061066275688,0.13618087337862,NA,NA,NA,NA,NA,NA,0.330905912747905,0.305661282215098,0.172555765035376,0.166903922574734,0.104984855283208,0.315365427127821,0.459009792221103,NA,NA,NA,NA,NA,NA,NA,NA,NA
"84",1948,NA,0.0600724907004777,NA,0.031646566752715,0.0734670533061515,0.174325627854421,0.346184221393613,NA,0.443507973584367,0.917,1090850.3513809,2532393.5307156,NA,NA,NA,354560,NA,1252203,NA,181589,145268,NA,NA,1691563,NA,0.0778007544404558,0.0510714412192245,NA,NA,NA,NA,NA,NA,0.285708985646373,0.337972381713839,0.273173469050321,0.201274822095476,0.105041412097127,0.273655256574888,0.485469248977245,NA,NA,NA,NA,NA,NA,NA,NA,NA
"85",1949,NA,0.0959655364111463,NA,0.0615811980947805,0.0244727716379082,0.0617785609443449,0.519108347765455,NA,0.520153063747872,0.915,1516005.96490144,602470.704185345,NA,NA,NA,376440,NA,872459,NA,157974,97521,NA,NA,1696629,NA,0.166973131453841,0.0701229065133337,NA,NA,NA,NA,NA,NA,0.382887969501299,0.390522531194632,0.130985330323727,0.0911263103490639,0.0209415589371191,0.298441652854298,0.476686100195729,1529125,3987996,NA,NA,NA,NA,NA,NA,NA
"86",1950,NA,0.133950068766066,NA,0.0888035583978223,0.0273951088295633,0.0606035817142793,0.555885117173343,NA,0.485960874677955,0.918,2650014.58044033,817505.955176599,NA,NA,NA,477230,NA,1049776,NA,197836,134894,NA,NA,1710890,NA,0.207706099517045,0.0930253467878163,NA,NA,NA,NA,NA,NA,0.366795089347655,0.366781332581396,0.124607536267923,0.0980492133739404,0.0295666274313913,0.300803060391335,0.47370804902633,1599226,4029803,NA,NA,NA,NA,NA,NA,NA
"87",1951,NA,0.137108950859317,NA,0.0831544067409991,0.0279595235228035,0.0709958620389576,0.515791510680612,NA,0.488690448989823,0.924,3551944.48096145,1194292.39121934,NA,NA,NA,697500,NA,1030161,NA,259060,168220,NA,NA,1717720,NA,0.22404124755332,0.0892987040655926,NA,NA,NA,NA,NA,NA,0.381604067991638,0.415563870370062,0.139454681550014,0.115654753224534,0.0291286594659411,0.300032235780359,0.472989301382693,1632914,4064727,NA,NA,NA,NA,NA,NA,NA
"88",1952,NA,0.148153843382357,NA,0.0952960143963799,0.0324249029712564,0.0790733613989579,0.574069680716306,NA,0.519146460773009,0.925,3660170.33152981,1245389.62736131,NA,NA,NA,715980,NA,946598,NA,247052,157498,NA,NA,1729563,NA,0.216895412898713,0.073562912574326,NA,NA,NA,NA,NA,NA,0.375583389559105,0.371506672736702,0.15399219320289,0.108839004213799,0.0231558780684967,0.307446409470916,0.468877624277742,1864122,4116228,NA,NA,NA,NA,NA,NA,NA
"89",1953,NA,0.142635917075208,NA,0.0968209523237095,0.0345472753195036,0.0785955462858848,0.570201290899215,NA,0.514855043835394,0.925,3635760.99906363,1297298.08699481,NA,NA,NA,710120,NA,987635,NA,254898,165060,NA,NA,1736697,NA,0.199541880014378,0.0730729704380025,NA,NA,NA,NA,NA,NA,0.362207235375527,0.356336779672543,0.153010612345147,0.103361094534529,0.0242586128463007,0.315295890929525,0.465509264738652,1891062,4162609,NA,NA,NA,NA,NA,NA,NA
"90",1954,NA,0.0816844811089348,NA,0.0306712808500972,0.0302459739129072,0.0805517936073535,0.558255103195131,NA,0.55730325794199,0.931,1227423.6869353,1210403.47146153,NA,NA,NA,975050,NA,817207,NA,150264,150264,NA,NA,1747789,NA,0.102809582644823,0.0161909188597518,NA,NA,NA,NA,NA,NA,0.408243358011978,0.407983994873321,0.150139770268055,0.101922591875773,0.0160539915168546,0.293014010057173,0.478752900363551,1986698,4211191,NA,NA,NA,NA,NA,NA,NA
"91",1955,NA,0.0998299418762432,NA,0.0474610731230513,0.0474430002149731,0.0997919271992824,0.466403764845191,NA,0.466504142491034,0.935,2078589.16878782,2077797.65379442,NA,NA,NA,899220,NA,876373,NA,208213,208213,NA,NA,1759951,NA,0.131508877187946,0.0275218724679956,NA,NA,NA,NA,NA,NA,0.357748178508149,0.357772967370333,0.16785402812421,0.13154797656711,0.0275300550952823,0.33001790859928,0.480737057042108,2053217,4258571,NA,NA,NA,NA,NA,NA,NA
"92",1956,NA,0.119077090621917,NA,0.0785954553884905,0.0182000964937004,0.0487889872033824,0.49236821389179,NA,0.482683516700258,0.935,3718039.26216059,860974.378279369,NA,NA,NA,991130,NA,802410,NA,208213,176469,NA,NA,1770494,NA,0.224662877303916,0.0597287389042555,NA,NA,NA,NA,NA,NA,0.458834535445685,0.475192161854862,0.125344875356059,0.0898052344362113,0.0128898298574376,0.312236080486791,0.492423656350553,2095145,3404832,NA,NA,NA,NA,NA,NA,NA
"93",1957,NA,0.115060671903314,NA,0.0753788769710965,0.0220267406688857,0.0584033381163215,0.507381196979559,NA,0.517161230567163,0.936,3767178.44665201,1100821.1588193,NA,NA,NA,1055210,NA,832576,NA,312238,188486,NA,NA,1781626,NA,0.200131264206562,0.0547956848159943,NA,NA,NA,NA,NA,NA,0.381916820594036,0.392758209483165,0.130095757415696,0.0926463408580231,0.0140233404228145,0.308991360198902,0.4988099880892,2111409,4343190,NA,NA,NA,NA,NA,NA,NA
"94",1958,NA,0.105449703049851,NA,0.0669147415806405,0.0205336488495026,0.0682215120305069,0.481017792454201,NA,0.651472960971451,0.936,3610397.47799112,1107896.88892182,NA,NA,NA,1137650,NA,657271,NA,327408,162397,NA,NA,1796106,NA,0.156683878890103,0.0337058409950023,NA,NA,NA,NA,NA,NA,0.430525208588393,0.483789763518784,0.195177150807682,0.107376014407366,0.0102311821923031,0.233950168133697,0.529170216107295,2108509,4376314,NA,NA,NA,NA,NA,NA,NA
"95",1959,NA,0.103479466988479,NA,0.0641699465317726,0.0193267513910181,0.0637486722865805,0.489343699360276,NA,0.638939343400962,0.94,3733197.68670326,1124367.20745456,NA,NA,NA,1250350,NA,699958,NA,342381,176375,NA,NA,1811603,NA,0.166124634340008,0.0361375434896755,NA,NA,NA,NA,NA,NA,0.421525383043162,0.468387794870108,0.182399263152214,0.10243507158754,0.0102509433855975,0.24403677057843,0.527372802113575,2149227,4413046,NA,NA,NA,NA,NA,NA,NA
